{"val_loss":{"0":2.3898029327,"1":2.3812265396,"2":2.3626470566,"3":2.3087816238,"4":2.3049685955,"5":2.3451681137,"6":2.2240817547,"7":2.4414012432,"8":2.3309407234,"9":1.1157575846,"10":2.1074566841,"11":1.8709068298,"12":2.8486111164,"13":2.1967890263,"14":2.1058735847,"15":1.7349117994,"16":1.9166924953,"17":3.1107931137,"18":2.784485817,"19":2.4318339825,"20":2.1442170143,"21":1.5619593859,"22":1.2074398994,"23":1.471581459,"24":1.3715219498,"25":1.7935379744,"26":1.9084316492,"27":2.5223665237,"28":1.6278625727,"29":0.9750025272,"30":1.94779706,"31":2.0868871212,"32":2.0489184856,"33":1.9008899927,"34":1.7027715445,"35":1.4442161322,"36":2.3593251705,"37":2.6879947186,"38":1.3669540882,"39":1.8853888512,"40":1.1132360697,"41":1.1355650425,"42":1.5946204662,"43":1.1214933395,"44":1.2162508965,"45":1.4762108326,"46":2.5721158981,"47":0.6363247037,"48":1.2060294151,"49":1.6253976822,"50":1.6526407003,"51":1.7625851631,"52":1.2717049122,"53":1.7365550995,"54":0.910779953,"55":2.2390007973,"56":2.3767077923,"57":0.6818665266,"58":1.7432360649,"59":1.2596138716,"60":1.0648779869,"61":0.9686418772,"62":1.3134939671,"63":1.1585333347,"64":1.2001829147,"65":1.254127264,"66":0.9373515844,"67":0.288670361,"68":1.0963609219,"69":1.1519854069,"70":1.8167690039,"71":1.0803115368,"72":1.7001028061,"73":0.9305616021,"74":1.8414144516,"75":2.2560915947,"76":1.1715708971,"77":1.4877468348,"78":0.7398126721,"79":0.6975184679,"80":1.2277095318,"81":1.0761035681,"82":0.4422566295,"83":1.0745813847,"84":1.4224044085,"85":1.2780700922,"86":1.1884436607,"87":1.7153618336,"88":0.9149183035,"89":0.8485890627,"90":1.0019440651,"91":0.9324396849,"92":0.6646414995,"93":1.7293710709,"94":2.4482016563,"95":0.9831492305,"96":1.215767622,"97":0.8185089827,"98":0.5693494678,"99":0.9947554469},"val_accuracy":{"0":0.1736111045,"1":0.1795332134,"2":0.1777378768,"3":0.1705565602,"4":0.1795332134,"5":0.1795332134,"6":0.2136445194,"7":0.1795332134,"8":0.18132855,"9":0.1741472185,"10":0.2280071825,"11":0.1364452392,"12":0.1921005398,"13":0.1903052032,"14":0.1849192083,"15":0.2118491977,"16":0.2459605038,"17":0.269299835,"18":0.3321364522,"19":0.2864583433,"20":0.3123877943,"21":0.2872531414,"22":0.2764811516,"23":0.2728904784,"24":0.3177737892,"25":0.2567324936,"26":0.3159784675,"27":0.3500897586,"28":0.3339317739,"29":0.3213644624,"30":0.3123877943,"31":0.3195691109,"32":0.3231597841,"33":0.3608617485,"34":0.3447037637,"35":0.3859964013,"36":0.3877917528,"37":0.3877917528,"38":0.3576388955,"39":0.4057450593,"40":0.3949730694,"41":0.3447037637,"42":0.3105924726,"43":0.3913823962,"44":0.4290843904,"45":0.4416517019,"46":0.4201077223,"47":0.4739676714,"48":0.4093357325,"49":0.4542190433,"50":0.402154386,"51":0.4290843904,"52":0.4416517019,"53":0.4398563802,"54":0.5026929975,"55":0.4344703853,"56":0.504488349,"57":0.4826388955,"58":0.529622972,"59":0.4201077223,"60":0.4452423751,"61":0.504488349,"62":0.5529623032,"63":0.5026929975,"64":0.504488349,"65":0.5583482981,"66":0.5798922777,"67":0.5080789924,"68":0.5170556307,"69":0.5493716598,"70":0.5583482981,"71":0.5529623032,"72":0.4937163293,"73":0.5421903133,"74":0.4991023242,"75":0.5691202879,"76":0.5642361045,"77":0.5511669517,"78":0.6337522268,"79":0.5206463337,"80":0.5834829211,"81":0.6068222523,"82":0.529622972,"83":0.5475763083,"84":0.5547576547,"85":0.5619389415,"86":0.5942549109,"87":0.6283662319,"88":0.597845614,"89":0.5026929975,"90":0.6391382217,"91":0.6337522268,"92":0.5493716598,"93":0.5439856648,"94":0.6535009146,"95":0.616319418,"96":0.6193895936,"97":0.6337522268,"98":0.588868916,"99":0.5763016343},"loss":{"0":2.4012337317,"1":2.3832020437,"2":2.3710158968,"3":2.3575877613,"4":2.3356475035,"5":2.2933564793,"6":2.2796998976,"7":2.2437100675,"8":2.1966637486,"9":2.1608683085,"10":2.1951558328,"11":2.2222507397,"12":2.1672900063,"13":2.2042928224,"14":2.1309531678,"15":2.1233956873,"16":1.9931636834,"17":2.0576297497,"18":2.0775889789,"19":1.9585917191,"20":1.882946293,"21":1.8973680762,"22":1.7670445641,"23":1.7329983829,"24":1.6915541426,"25":1.6799908823,"26":1.7480753333,"27":1.6415930859,"28":1.677161932,"29":1.5733318792,"30":1.6666655746,"31":1.6594789293,"32":1.6676164853,"33":1.5827369106,"34":1.6274584999,"35":1.5255758516,"36":1.5435248734,"37":1.4784630809,"38":1.5030735421,"39":1.6182110299,"40":1.528562717,"41":1.4669786224,"42":1.5852177536,"43":1.4859354997,"44":1.4307563702,"45":1.400306594,"46":1.3781882996,"47":1.4336581606,"48":1.5483208147,"49":1.5604089526,"50":1.4070213636,"51":1.3979136342,"52":1.3547865002,"53":1.3641298744,"54":1.3338790709,"55":1.3075859188,"56":1.3382123479,"57":1.2832907054,"58":1.2505531925,"59":1.2571632166,"60":1.2896222605,"61":1.183136857,"62":1.2472120381,"63":1.1155823163,"64":1.2214507957,"65":1.2408121251,"66":1.2020321702,"67":1.1445659176,"68":1.2579473224,"69":1.0802409626,"70":1.1026793954,"71":1.0783605822,"72":1.1046041397,"73":1.1099503888,"74":1.044946084,"75":1.065561095,"76":1.0674381956,"77":0.9913172084,"78":0.9700433148,"79":1.1179016524,"80":1.0402196522,"81":0.94764468,"82":0.9666776889,"83":0.962928869,"84":0.9574936463,"85":0.9946728229,"86":0.8994479691,"87":0.8414977588,"88":1.0118903364,"89":0.9776481662,"90":0.942339372,"91":0.8893550269,"92":0.9192788425,"93":0.9941360652,"94":0.8704653179,"95":0.8861959248,"96":0.8665635897,"97":0.8678206595,"98":0.786269447,"99":0.9573688469},"accuracy":{"0":0.0713012442,"1":0.1657754034,"2":0.1550802141,"3":0.1701388955,"4":0.167557925,"5":0.157509163,"6":0.1800356507,"7":0.1684027761,"8":0.1639928669,"9":0.1960784346,"10":0.1758241802,"11":0.2013888955,"12":0.1746880561,"13":0.2121212184,"14":0.2245989293,"15":0.1889483035,"16":0.2388591766,"17":0.2352941185,"18":0.2263814658,"19":0.2941176593,"20":0.2745098174,"21":0.2745098174,"22":0.3194444478,"23":0.302197814,"24":0.3137255013,"25":0.315508008,"26":0.2798573971,"27":0.338680923,"28":0.324652791,"29":0.3529411852,"30":0.3516483605,"31":0.3350694478,"32":0.3475935757,"33":0.3279857337,"34":0.319073081,"35":0.3529411852,"36":0.3921568692,"37":0.3975044489,"38":0.4064171016,"39":0.3404634595,"40":0.3440285325,"41":0.4046345949,"42":0.3565062284,"43":0.4010695219,"44":0.418402791,"45":0.4487179518,"46":0.4295900166,"47":0.3957219124,"48":0.3850267231,"49":0.3850267231,"50":0.4444444478,"51":0.4206773639,"52":0.4468864501,"53":0.4288194478,"54":0.4491978586,"55":0.4527629316,"56":0.4616755843,"57":0.4830659628,"58":0.4973261952,"59":0.5098039508,"60":0.5260416865,"61":0.5347985625,"62":0.5044563413,"63":0.5953654051,"64":0.5208333135,"65":0.5418894887,"66":0.5164835453,"67":0.5650624037,"68":0.519097209,"69":0.5864527822,"70":0.5828877091,"71":0.5757575631,"72":0.5614973307,"73":0.5614973307,"74":0.5561497211,"75":0.5846702456,"76":0.5329768062,"77":0.6167557836,"78":0.6232638955,"79":0.5421245694,"80":0.611408174,"81":0.6238859296,"82":0.618055582,"83":0.5952380896,"84":0.612847209,"85":0.5935828686,"86":0.6434937716,"87":0.6524063945,"88":0.5935828686,"89":0.5828877091,"90":0.638146162,"91":0.6327985525,"92":0.6446886659,"93":0.6197916865,"94":0.6524063945,"95":0.6595365405,"96":0.657754004,"97":0.6488413811,"98":0.700534761,"99":0.5900177956}}