{"val_loss":{"0":6.8318214417,"1":4.1943502426,"2":0.4540158212,"3":0.525085628,"4":4.6170368195,"5":11.0380325317,"6":8.0704879761,"7":7.4049386978,"8":2.9297401905,"9":4.8223509789,"10":4.5290174484,"11":4.6244192123,"12":9.6706418991,"13":4.0763959885,"14":11.3206806183,"15":27.860244751,"16":21.784122467,"17":30.2211151123,"18":8.3998823166,"19":16.6352272034},"val_accuracy":{"0":0.1475694478,"1":0.1418312341,"2":0.1238779202,"3":0.1202872545,"4":0.1131059229,"5":0.1400359124,"6":0.1436265707,"7":0.1382405758,"8":0.1256732494,"9":0.1220825836,"10":0.127468586,"11":0.1256732494,"12":0.1256732494,"13":0.1202872545,"14":0.0933572724,"15":0.1041292623,"16":0.1256732494,"17":0.1256732494,"18":0.1256732494,"19":0.1232638881},"loss":{"0":2.2686443465,"1":1.7510290148,"2":1.4863843401,"3":1.2803708549,"4":1.1409029381,"5":1.0389884651,"6":0.9119884802,"7":0.8744914047,"8":0.8027227711,"9":0.7851960465,"10":0.7249333605,"11":0.6693222432,"12":0.6352645606,"13":0.6384325155,"14":0.5828963613,"15":0.5790726062,"16":0.5670727094,"17":0.5495042231,"18":0.5478821598,"19":0.5070439988},"accuracy":{"0":0.1800356507,"1":0.4135472476,"2":0.5133689642,"3":0.5846702456,"4":0.641711235,"5":0.6934046149,"6":0.758680582,"7":0.7504456043,"8":0.7468805909,"9":0.7875458002,"10":0.7789661288,"11":0.8003565073,"12":0.8298611045,"13":0.8235294223,"14":0.8516483307,"15":0.840277791,"16":0.8467023373,"17":0.8520498872,"18":0.8253119588,"19":0.8520498872}}